_id,videoFilename,annotatorName,__v,anyoneInteracting,description,otherActivities[0],otherActivities[1],otherActivities[2],otherActivitiesConfidence,primaryActivity,primaryActivityConfidence,updatedAt,attemptNumber,isTraining,taskType,primaryActivityOther
69603caf87297accb9f16661,00220001_2024-03-06_1_2a74025141_processed_008.mp4,tsepuri,0,yes,,looking around,,,3,cleaning,2,2026-02-23T01:57:13.761Z,,false,do,
696411fc87297accb9fbcb69,00220001_2024-03-06_1_2a74025141_processed_008.mp4,elenahc,0,yes,,conversing,,,3,meal time,3,2026-03-02T05:19:54.817Z,,false,see,
6964122f87297accb9fbcbfc,00230001_2024-04-14_1_da1653faac_processed_007.mp4,elenahc,0,no,,conversing,screen time,,2,meal time,3,2026-02-26T04:54:24.055Z,,false,see,
6964125f87297accb9fbcc88,00240001_2023-11-25_2_c9f28edff3_processed_068.mp4,elenahc,0,no,,none,,,1,looking around,1,2026-02-26T04:54:24.789Z,,false,see,
6964127487297accb9fbccce,00240001_2023-11-26_1_bd6fb31b2c_processed_096.mp4,elenahc,0,yes,,conversing,,,3,meal time,3,2026-02-26T04:54:25.632Z,,false,see,
696412af87297accb9fbcd77,00240001_2023-12-08_1_30326063f1_processed_067.mp4,elenahc,0,yes,,none,,,2,meal time,3,2026-02-26T04:54:26.504Z,,false,see,
696412c587297accb9fbcdbe,00240001_2023-12-16_2_8e3bb038e0_processed_042.mp4,elenahc,0,yes,,none,,,3,meal time,3,2026-02-26T04:54:27.224Z,,false,see,
6964130787297accb9fbce7c,00240001_2024-06-02_2_43f6a17f68_processed_045.mp4,elenahc,0,no,,meal time,,,3,drinking,3,2026-02-26T04:54:27.954Z,,false,see,
6964132d87297accb9fbceed,00240001_2024-09-08_4_f03def9007_processed_003.mp4,elenahc,0,no,,playing,,,2,looking around,1,2026-02-26T04:54:28.636Z,,false,see,
6964136487297accb9fbcf8c,00240001_2024-10-06_3_6c66db99a8_processed_023.mp4,elenahc,0,no,,looking around,,,2,playing,3,2026-02-26T04:54:29.444Z,,false,see,
6964138c87297accb9fbd009,00240001_2024-11-06_2_3a7315e875_processed_040.mp4,elenahc,0,yes,,crawling,,,2,playing,2,2026-02-26T04:54:30.140Z,,false,see,
696413bf87297accb9fbd09e,00320001_2023-12-06_2_b65b83c560_processed_079.mp4,elenahc,0,no,,none,,,2,looking around,1,2026-02-26T04:54:33.534Z,,false,see,
696413e387297accb9fbd109,00320001_2024-02-17_3_195c6f8833_processed_038.mp4,elenahc,0,no,,walking,,,2,meal time,3,2026-02-26T04:54:34.210Z,,false,see,
6964141787297accb9fbd1a0,00320001_2024-02-23_2_b9b9b6bd6f_processed_070.mp4,elenahc,0,yes,,conversing,,,2,crawling,2,2026-02-26T04:54:35.181Z,,false,see,
6964144287297accb9fbd229,00320001_2024-03-10_3_2825d75568_processed_032.mp4,elenahc,0,yes,,none,,,2,playing,2,2026-02-26T04:54:35.856Z,,false,see,
6964145f87297accb9fbd27c,00320001_2024-03-16_1_bd51e5a866_processed_000.mp4,elenahc,0,yes,,none,,,2,playing,3,2026-02-26T04:54:36.557Z,,false,see,
6964147b87297accb9fbd2d2,00320001_2024-05-11_2_78ccaae9f1_processed_039.mp4,elenahc,0,no,,none,,,2,screen time,3,2026-02-26T04:54:37.161Z,,false,see,
696414a287297accb9fbd34b,00320001_2024-10-20_4_89de9fca76_processed_043.mp4,elenahc,0,yes,,cleaning,,,3,conversing,2,2026-02-26T04:54:38.018Z,,false,see,
696414e487297accb9fbd40a,00320002_2024-04-10_1_9936c698cd_processed_084.mp4,elenahc,0,yes,,cleaning,,,3,walking,2,2026-02-26T04:54:38.723Z,,false,see,
696414f787297accb9fbd446,00320002_2024-05-28_3_c99c7a039e_processed_070.mp4,elenahc,0,no,,meal time,,,3,cooking,2,2026-02-26T04:54:39.411Z,,false,see,
6964150787297accb9fbd478,00320002_2024-06-03_1_e20fa612a1_processed_043.mp4,elenahc,0,yes,,being moved around,,,2,cleaning,3,2026-02-26T04:54:40.067Z,,false,see,
69713fe387297accb933cfe3,00510001_2024-06-02_1_c17282fc3b_processed_035.mp4,test,0,yes,,none,,,3,drinking,3,2026-01-21T21:06:43.286Z,1,true,,
69714b3a87297accb933f277,00720001_2023-08-16_2_65439db90c_processed_042.mp4,m1deng,0,yes,,conversing,,,2,reading time,3,2026-01-21T21:55:06.601Z,1,true,,
69714b5587297accb933f2d4,00320001_2024-09-15_1_abbaf85eb5_processed_028.mp4,m1deng,0,no,,none,,,3,playing,3,2026-01-21T21:55:33.185Z,1,true,,
69714b7c87297accb933f34d,00400002_2024-06-09_2_9fcfaee432_processed_084.mp4,m1deng,0,no,,none,,,3,looking around,3,2026-01-21T21:56:12.497Z,1,true,,
69714b9987297accb933f3a7,00370002_2024-11-02_3_804aeb99ea_processed_011.mp4,m1deng,0,yes,,conversing,,,2,playing,3,2026-01-21T21:56:41.220Z,1,true,,
69714bb087297accb933f3fd,00490001_2014-02-10_4_770d50627d_processed_064.mp4,m1deng,0,no,,none,,,3,looking around,3,2026-01-21T21:57:04.307Z,1,true,,
69714cb087297accb933f73f,00220001_2024-03-06_1_2a74025141_processed_008.mp4,m1deng,0,yes,,conversing,,,2,meal time,2,2026-02-26T04:53:59.913Z,,false,do,
697152a387297accb93408e2,00220001_2024-03-06_1_2a74025141_processed_008.mp4,bria,0,yes,,none,,,2,meal time,3,2026-01-21T22:26:43.279Z,,false,,
697152cd87297accb934096e,00230001_2024-04-14_1_da1653faac_processed_007.mp4,bria,0,no,,none,,,3,meal time,2,2026-01-21T22:27:25.534Z,,false,,
6971533f87297accb9340ae9,00820001_2024-04-21_4_cfa002ffc4_processed_013.mp4,bria,0,no,,none,,,3,drawing,3,2026-01-21T22:29:19.916Z,,false,,
6972c93287297accb9383220,00220001_2024-03-06_1_2a74025141_processed_008.mp4,tst,0,yes,,meal time,,,3,cleaning,3,2026-01-23T01:04:50.138Z,,false,see,
6973aef387297accb93ac8d4,00400001_2023-08-08_1-2_86950384ad_processed_015.mp4,tsepuri,0,yes,,none,,,3,reading time,3,2026-01-23T17:25:07.371Z,1,true,do,
6973af8187297accb93aca82,00320002_2024-06-03_1_e20fa612a1_processed_043.mp4,tsepuri,0,yes,,moving around,,,2,looking around,3,2026-01-23T17:27:29.806Z,1,true,do,
6973afb087297accb93acb11,00820001_2024-04-21_2_ac429ad42f_processed_067.mp4,tsepuri,0,yes,,meal time,,,1,cleaning,3,2026-01-23T17:28:16.292Z,1,true,do,
6973afbd87297accb93acb44,00320002_2024-12-01_2_0732e91bb3_processed_038.mp4,tsepuri,0,no,,none,,,3,screen time,3,2026-01-23T17:28:29.810Z,1,true,do,
6973b3ee87297accb93ad783,00400002_2024-06-09_2_9fcfaee432_processed_084.mp4,tsepuri,0,no,,moving around,,,2,looking around,3,2026-01-23T17:46:22.374Z,1,true,do,
6976e2f387297accb943ed63,00230001_2024-04-14_1_da1653faac_processed_007.mp4,m1deng,0,no,,looking around,,,3,meal time,3,2026-02-26T04:54:00.466Z,,false,do,
6976e34d87297accb943ee6d,00240001_2023-11-25_2_c9f28edff3_processed_068.mp4,m1deng,0,no,,none,,,3,looking around,3,2026-02-26T04:54:00.990Z,,false,do,
6976e36487297accb943eeb7,00240001_2023-11-26_1_bd6fb31b2c_processed_096.mp4,m1deng,0,yes,,none,,,3,meal time,3,2026-02-26T04:54:01.616Z,,false,do,
6976e3f687297accb943f061,00240001_2023-12-08_1_30326063f1_processed_067.mp4,m1deng,0,yes,,meal time,conversing,,1,playing,2,2026-02-26T04:54:02.186Z,,false,do,
6976e41987297accb943f0cb,00240001_2023-12-16_2_8e3bb038e0_processed_042.mp4,m1deng,0,yes,,none,,,3,meal time,3,2026-02-26T04:54:02.764Z,,false,do,
6977223887297accb944a119,00240001_2024-06-02_2_43f6a17f68_processed_045.mp4,m1deng,0,no,,none,,,2,looking around,2,2026-02-26T04:54:03.367Z,,false,do,
697722aa87297accb944a267,00240001_2024-09-08_4_f03def9007_processed_003.mp4,m1deng,0,no,,looking around,,,2,playing,2,2026-02-26T04:54:03.962Z,,false,do,
6977233c87297accb944a424,00240001_2024-10-06_3_6c66db99a8_processed_023.mp4,m1deng,0,no,,none,,,3,playing,3,2026-02-26T04:54:04.543Z,,false,do,
6977237d87297accb944a4ec,00240001_2024-11-06_2_3a7315e875_processed_040.mp4,m1deng,0,no,,playing,,,1,looking around,2,2026-02-26T04:54:05.171Z,,false,do,
6977239287297accb944a533,00320001_2023-12-06_2_b65b83c560_processed_079.mp4,m1deng,0,no,,none,,,3,looking around,3,2026-02-26T04:54:06.007Z,,false,do,
6977259a87297accb944ab67,00320001_2024-02-17_3_195c6f8833_processed_038.mp4,m1deng,0,no,,looking around,,,2,meal time,2,2026-01-26T08:28:10.058Z,,false,do,
69781a5d87297accb9476a5a,00230001_2024-04-14_1_da1653faac_processed_007.mp4,tsepuri,0,yes,,looking around,gardening,,3,cleaning,3,2026-02-23T01:57:20.466Z,,false,see,
697849af87297accb947f679,00320001_2024-02-23_2_b9b9b6bd6f_processed_070.mp4,m1deng,0,yes,,conversing,,,1,moving around,3,2026-01-27T05:14:23.400Z,,false,do,
697849d987297accb947f6fb,00320001_2024-03-10_3_2825d75568_processed_032.mp4,m1deng,0,yes,,none,,,3,playing,3,2026-01-27T16:03:24.416Z,,false,do,
69784a0687297accb947f78f,00320001_2024-03-16_1_bd51e5a866_processed_000.mp4,m1deng,0,yes,,none,,,3,playing,3,2026-01-27T05:15:50.873Z,,false,do,
69784a2687297accb947f7f3,00320001_2024-05-11_2_78ccaae9f1_processed_039.mp4,m1deng,0,no,,looking around,,,2,moving around,3,2026-01-27T05:16:22.391Z,,false,do,
69784c6187297accb947fe7f,00320001_2024-10-20_4_89de9fca76_processed_043.mp4,m1deng,0,yes,,conversing,screen time,,1,looking around,3,2026-01-27T23:23:28.031Z,,false,do,
69784ca087297accb947ff3e,00320002_2024-04-10_1_9936c698cd_processed_084.mp4,m1deng,0,no,,looking around,,,2,playing,2,2026-01-27T23:19:06.683Z,,false,do,
69784d4787297accb9480131,00320002_2024-05-28_3_c99c7a039e_processed_070.mp4,m1deng,0,no,,none,,,3,looking around,3,2026-01-27T05:29:43.531Z,,false,do,
69784ddc87297accb94802ed,00320002_2024-06-03_1_e20fa612a1_processed_043.mp4,m1deng,0,no,,none,,,3,moving around,3,2026-01-27T05:32:12.239Z,,false,do,
69827c0187297accb965ffcc,00320002_2024-09-05_2_946f306519_processed_023.mp4,elenahc,0,no,,meal time,,,3,screen time,2,2026-02-26T04:54:40.687Z,,false,see,
69827c2287297accb966003a,00320003_2024-03-03_1_d0c3250eb5_processed_101.mp4,elenahc,0,yes,,none,,,2,conversing,2,2026-02-26T04:54:41.704Z,,false,see,
69827c3e87297accb9660094,00320003_2024-03-08_1_7484c17533_processed_060.mp4,elenahc,0,yes,,none,,,2,being moved around,3,2026-02-26T04:54:42.362Z,,false,see,
69827c6387297accb966010f,00320003_2024-07-07_1_1a765e701a_processed_057.mp4,elenahc,0,no,,none,,,2,playing,3,2026-02-26T04:54:43.241Z,,false,see,
69827c8787297accb9660185,00360001_2024-09-25_1_0d3bbb62f6_processed_012.mp4,elenahc,0,yes,,playing,walking,,3,conversing,3,2026-02-26T04:54:44.056Z,,false,see,
69827cbd87297accb966022c,00360001_2024-10-30_2_04f91de1ba_processed_005.mp4,elenahc,0,no,,reading time,,,2,playing,2,2026-02-26T04:54:44.826Z,,false,see,
69827ce287297accb96602a4,00370001_2024-02-10_4_d2cfc75810_processed_063.mp4,elenahc,0,no,,reading time,,,2,playing,2,2026-02-26T04:54:45.650Z,,false,see,
69827cfe87297accb96602fc,00370001_2024-04-18_2_c09ec714fb_processed_044.mp4,elenahc,0,no,,none,,,2,playing,2,2026-02-26T04:54:46.355Z,,false,see,
69827d1a87297accb9660359,00370001_2024-04-25_2_ea8d9ab2d5_processed_052.mp4,elenahc,0,yes,,none,,,3,playing,3,2026-02-26T04:54:48.093Z,,false,see,
69827d3c87297accb96603cd,00370001_2024-05-05_3_97bfed6698_processed_022.mp4,elenahc,0,yes,,being moved around,looking around,,2,conversing,3,2026-02-18T05:08:09.830Z,,false,see,
69827d5187297accb9660414,00370001_2024-11-23_3_36b0eea465_processed_087.mp4,elenahc,0,yes,,playing,,,3,conversing,2,2026-02-03T22:57:21.473Z,,false,do,
69827d7587297accb9660485,00370002_2024-02-14_1_ca6b0b7335_processed_002.mp4,elenahc,0,yes,,conversing,being moved around,,2,looking around,2,2026-02-03T22:57:57.010Z,,false,do,
69827d9987297accb96604ff,00370002_2024-05-03_3_bb6f5ab781_processed_039.mp4,elenahc,0,yes,,playing,,,3,looking around,3,2026-02-03T22:58:33.505Z,,false,do,
69827e1e87297accb9660688,00370002_2024-05-11_1_e08570833f_processed_062.mp4,elenahc,0,yes,,none,,,2,looking around,2,2026-02-03T23:00:46.323Z,,false,do,
69827e4487297accb9660705,00370002_2024-05-18_3_e23c0133c0_processed_023.mp4,elenahc,0,yes,,conversing,,,2,looking around,2,2026-02-03T23:01:24.933Z,,false,do,
69827e9c87297accb9660816,00370002_2024-05-26_1_dbdd71cf59_processed_022.mp4,elenahc,0,no,,none,,,2,looking around,3,2026-02-03T23:02:52.497Z,,false,do,
69827eb787297accb9660870,00370002_2024-09-29_1_2c3456c8fe_processed_047.mp4,elenahc,0,yes,,conversing,being moved around,,2,looking around,3,2026-02-03T23:03:19.070Z,,false,do,
69827ede87297accb96608e8,00390001_2024-08-23_1_d4be717890_processed_012.mp4,elenahc,0,yes,,reading time,playing,looking around,3,crawling,2,2026-02-03T23:03:58.433Z,,false,do,
69827efe87297accb9660957,00400001_2023-06-15_1_2f49953f81_processed_004.mp4,elenahc,0,no,,none,,,2,looking around,2,2026-02-03T23:04:30.736Z,,false,do,
69827f2087297accb96609bf,00400001_2023-06-21_2_78f629b94b_processed_076.mp4,elenahc,0,no,,crawling,,,2,looking around,2,2026-02-26T04:50:51.426Z,,false,do,
69827f3b87297accb9660a1b,00400001_2023-07-01_1_c4bc4716ef_processed_007.mp4,elenahc,0,yes,,conversing,,,1,crawling,3,2026-02-26T04:50:52.428Z,,false,do,
69827f5587297accb9660a6d,00400001_2023-07-01_1_c4bc4716ef_processed_009.mp4,elenahc,0,no,,crawling,,,3,looking around,3,2026-02-26T04:50:54.665Z,,false,do,
69827f6c87297accb9660ac4,00400001_2023-07-03_1_e505715506_processed_022.mp4,elenahc,0,no,,walking,,,2,looking around,3,2026-02-26T04:50:55.416Z,,false,do,
69827f8d87297accb9660b2b,00400001_2023-08-24_1_f44f05ca5f_processed_009.mp4,elenahc,0,yes,,conversing,looking around,,3,music time,3,2026-02-26T04:50:56.433Z,,false,do,
69827fad87297accb9660b8f,00400001_2023-08-25_1_9ad5e22aaa_processed_037.mp4,elenahc,0,no,,none,,,2,screen time,3,2026-02-26T04:50:57.535Z,,false,do,
69827fc787297accb9660bed,00400001_2023-09-22_1_9977c9d6dd_processed_008.mp4,elenahc,0,yes,,looking around,,,2,screen time,3,2026-02-26T04:50:58.400Z,,false,do,
69827fe787297accb9660c4d,00400001_2023-09-23_1_3aa820473e_processed_057.mp4,elenahc,0,yes,,meal time,conversing,,2,screen time,3,2026-02-26T04:50:59.008Z,,false,do,
6982800687297accb9660cb3,00400001_2023-09-28_1_ffe2cfdbd3_processed_064.mp4,elenahc,0,yes,,conversing,,,3,being moved around,3,2026-02-26T04:50:59.515Z,,false,do,
6982801f87297accb9660d06,00400001_2023-11-19_1_8c79b13b9b_processed_076.mp4,elenahc,0,yes,,conversing,walking,,3,looking around,3,2026-02-26T04:51:00.089Z,,false,do,
6982803487297accb9660d52,00400001_2024-05-03_1_d8ea0c2efd_processed_040.mp4,elenahc,0,no,,none,,,2,looking around,3,2026-02-26T04:51:00.623Z,,false,do,
6982804f87297accb9660da4,00400001_2024-06-30_3_a69c8e8ddb_processed_034.mp4,elenahc,0,no,,looking around,walking,,3,playing,2,2026-02-26T04:51:01.240Z,,false,do,
6982806f87297accb9660e14,00400001_2024-08-27_1_9627aa4127_processed_016.mp4,elenahc,0,no,,none,,,3,screen time,3,2026-02-26T04:51:03.150Z,,false,do,
6982809587297accb9660e87,00400001_2024-12-01_3_b4c2dc7192_processed_069.mp4,elenahc,0,no,,looking around,,,2,playing,1,2026-02-26T04:51:06.147Z,,false,do,
698280b987297accb9660efd,00400002_2023-12-05_1_8d274e31e7_processed_045.mp4,elenahc,0,yes,,looking around,conversing,,3,meal time,3,2026-02-26T04:51:06.779Z,,false,do,
698280da87297accb9660f60,00400002_2023-12-19_1_d768b47eaf_processed_012.mp4,elenahc,0,no,,none,,,2,playing,3,2026-02-26T04:51:07.283Z,,false,do,
6982810387297accb9660fe8,00400002_2024-01-06_2_d6accc9902_processed_018.mp4,elenahc,0,no,,none,,,3,playing,3,2026-02-26T04:51:07.756Z,,false,do,
6982813587297accb9661080,00400002_2024-01-13_1_a58c2f7862_processed_019.mp4,elenahc,0,no,,getting dressed,,,2,looking around,1,2026-02-26T04:52:37.549Z,,false,do,
6982816987297accb9661126,00400002_2024-01-13_3_7ca2b2ad65_000.mp4,elenahc,0,yes,,other,,,3,looking around,2,2026-02-03T23:14:49.560Z,,false,do,
6982818b87297accb9661192,00400002_2024-02-11_3_cf658e4a38_processed_030.mp4,elenahc,0,no,,looking around,,,2,playing,3,2026-02-03T23:15:23.849Z,,false,do,
698281b887297accb9661219,00400002_2024-03-01_3_2034d527bc_processed_047.mp4,elenahc,0,no,,none,,,1,other,1,2026-02-03T23:16:08.810Z,,false,do,
698281e287297accb96612a3,00400002_2024-06-23_3_1b2351cdfe_processed_059.mp4,elenahc,0,yes,,cooking,looking around,,2,conversing,2,2026-02-03T23:16:50.472Z,,false,do,
6982820787297accb9661312,00400002_2024-10-06_2_ad93998b1d_processed_007.mp4,elenahc,0,no,,looking around,playing,,3,crawling,3,2026-02-03T23:17:27.480Z,,false,do,
6982822887297accb966138a,00400003_2023-12-17_3_890b6a5cad_processed_067.mp4,elenahc,0,yes,,conversing,looking around,,3,meal time,3,2026-02-03T23:18:00.366Z,,false,do,
6982823987297accb96613bf,00400003_2024-04-12_1_78fc11d62d_processed_057.mp4,elenahc,0,yes,,conversing,,,3,playing,3,2026-02-03T23:18:17.542Z,,false,do,
6982825c87297accb9661434,00400003_2024-05-30_3_ac6e331884_processed_004.mp4,elenahc,0,yes,,none,,,2,screen time,3,2026-02-03T23:18:52.123Z,,false,do,
6988e98187297accb978b7bf,00420001_2024-06-09_1_941b9b5f1b_processed_027.mp4,elenahc,0,yes,,looking around,,,3,being moved around,2,2026-02-08T19:52:33.829Z,,false,do,
6988e9c287297accb978b88e,00420001_2024-06-21_1_1fc3e7b968_processed_014.mp4,elenahc,0,yes,,crawling,,,3,looking around,3,2026-02-08T19:55:49.751Z,,false,do,
6988ea3d87297accb978b9f9,00420001_2024-11-03_3_51011e4385_processed_036.mp4,elenahc,0,no,,walking,looking around,,2,playing,1,2026-02-08T19:55:51.052Z,,false,do,
6988ea7687297accb978bab6,00430001_2023-09-07_2_31e67cae01_processed_018.mp4,elenahc,0,no,,none,,,2,other,1,2026-02-08T19:56:38.535Z,,false,do,
6988eac587297accb978bba1,00430001_2023-10-06_1_9bf374e81c_processed_054.mp4,elenahc,0,yes,,playing,conversing,,2,looking around,2,2026-02-08T19:57:57.327Z,,false,do,
6988eae987297accb978bc18,00430001_2023-12-03_3_5f0f19af24_processed_050.mp4,elenahc,0,yes,,conversing,,,3,playing,3,2026-02-08T19:58:33.642Z,,false,do,
6988eb6487297accb978bd86,00490001_2023-12-28_1_4d2984425d_processed_040.mp4,elenahc,0,no,,looking around,other,,3,being moved around,3,2026-02-08T20:00:36.226Z,,false,do,
6988eb9087297accb978be19,00500001_2023-08-22_2_4da871d02e_processed_050.mp4,elenahc,0,no,,crawling,,,2,looking around,3,2026-02-08T20:01:20.473Z,,false,do,
6988ec1f87297accb978bfe4,00500001_2023-12-10_1_e07a848172_processed_059.mp4,elenahc,0,no,,screen time,meal time,,2,meal time,2,2026-02-08T20:03:43.358Z,,false,do,
6988ec3687297accb978c02e,00500001_2024-08-17_1_5d8718d35d_processed_039.mp4,elenahc,0,yes,,looking around,,,3,playing,3,2026-02-08T20:04:06.931Z,,false,do,
6988ec5187297accb978c08b,00510001_2024-04-13_2_c4a790bb60_processed_011.mp4,elenahc,0,yes,,looking around,walking,,3,music time,3,2026-02-08T20:04:33.543Z,,false,do,
6988ec9987297accb978c163,00510001_2024-05-31_1_60e96e0a79_processed_059.mp4,elenahc,0,yes,,conversing,,,3,meal time,3,2026-02-08T20:05:45.368Z,,false,do,
69890be187297accb9791c79,00320002_2024-09-05_2_946f306519_processed_023.mp4,m1deng,0,no,,meal time,,,2,screen time,2,2026-02-08T22:19:13.280Z,,false,do,
69890c0a87297accb9791cfe,00320003_2024-03-03_1_d0c3250eb5_processed_101.mp4,m1deng,0,yes,,looking around,,,2,conversing,2,2026-02-08T22:19:54.821Z,,false,do,
69890c7287297accb9791e3b,00320003_2024-03-08_1_7484c17533_processed_060.mp4,m1deng,0,yes,,none,,,3,being moved around,3,2026-02-08T22:21:38.173Z,,false,do,
69890cf387297accb9791fc6,00320003_2024-07-07_1_1a765e701a_processed_057.mp4,m1deng,0,no,,none,,,3,playing,3,2026-02-08T22:23:47.939Z,,false,do,
69890d4287297accb97920b9,00360001_2024-09-25_1_0d3bbb62f6_processed_012.mp4,m1deng,0,yes,,none,,,3,playing,2,2026-02-08T22:25:06.955Z,,false,do,
69890eb987297accb9792503,00360001_2024-10-30_2_04f91de1ba_processed_005.mp4,m1deng,0,no,,looking around,,,1,playing,2,2026-02-08T22:31:21.849Z,,false,do,
69890ed687297accb9792564,00370001_2024-02-10_4_d2cfc75810_processed_063.mp4,m1deng,0,no,,none,,,3,playing,3,2026-02-08T22:31:50.651Z,,false,do,
69890fdd87297accb9792869,00370001_2024-04-18_2_c09ec714fb_processed_044.mp4,m1deng,0,yes,,playing,,,2,walking,2,2026-02-08T22:36:13.039Z,,false,do,
6989102b87297accb9792961,00370001_2024-04-25_2_ea8d9ab2d5_processed_052.mp4,m1deng,0,yes,,none,,,3,looking around,2,2026-02-08T22:37:31.782Z,,false,do,
6989108287297accb9792a6c,00370001_2024-05-05_3_97bfed6698_processed_022.mp4,m1deng,0,no,,none,,,2,being moved around,3,2026-02-08T22:38:58.792Z,,false,do,
698910a587297accb9792ad7,00370001_2024-11-23_3_36b0eea465_processed_087.mp4,m1deng,0,yes,,conversing,,,2,playing,3,2026-02-08T22:39:33.904Z,,false,do,
698911a187297accb9792dc4,00370002_2024-02-14_1_ca6b0b7335_processed_002.mp4,m1deng,0,yes,,none,,,3,being moved around,3,2026-02-08T22:43:45.748Z,,false,do,
698911b887297accb9792e18,00370002_2024-05-03_3_bb6f5ab781_processed_039.mp4,m1deng,0,no,,none,,,3,looking around,3,2026-02-08T22:44:08.252Z,,false,do,
698911f487297accb9792ed2,00370002_2024-05-11_1_e08570833f_processed_062.mp4,m1deng,0,no,,none,,,3,looking around,2,2026-02-08T22:45:08.501Z,,false,do,
6989122c87297accb9792f78,00370002_2024-05-18_3_e23c0133c0_processed_023.mp4,m1deng,0,no,,none,,,2,looking around,3,2026-02-08T22:46:04.992Z,,false,do,
6989126b87297accb9793042,00370002_2024-05-26_1_dbdd71cf59_processed_022.mp4,m1deng,0,no,,none,,,3,looking around,3,2026-02-08T22:47:07.002Z,,false,do,
6989129b87297accb97930d2,00370002_2024-09-29_1_2c3456c8fe_processed_047.mp4,m1deng,0,yes,,looking around,,,2,being moved around,2,2026-02-08T22:47:55.741Z,,false,do,
6989130887297accb979321d,00390001_2024-08-23_1_d4be717890_processed_012.mp4,m1deng,0,yes,,walking,,,2,reading time,2,2026-02-08T22:49:44.795Z,,false,do,
6989132987297accb9793291,00400001_2023-06-15_1_2f49953f81_processed_004.mp4,m1deng,0,no,,none,,,3,looking around,3,2026-02-08T22:50:17.996Z,,false,do,
6989136687297accb979334a,00400001_2023-06-21_2_78f629b94b_processed_076.mp4,m1deng,0,no,,none,,,3,walking,3,2026-02-08T22:51:18.064Z,,false,do,
6989139487297accb97933d1,00400001_2023-07-01_1_c4bc4716ef_processed_007.mp4,m1deng,0,no,,crawling,,,1,walking,3,2026-02-08T22:52:04.175Z,,false,do,
698913b487297accb979343d,00400001_2023-07-01_1_c4bc4716ef_processed_009.mp4,m1deng,0,no,,crawling,,,1,walking,2,2026-02-08T22:52:36.434Z,,false,do,
698914a787297accb9793711,00400001_2023-07-03_1_e505715506_processed_022.mp4,m1deng,0,no,,none,,,2,walking,3,2026-02-08T22:56:39.962Z,,false,do,
698919c287297accb97945fe,00510001_2024-08-25_1_558f810d34_processed_006.mp4,elenahc,0,yes,,none,,,2,looking around,2,2026-02-08T23:18:26.945Z,,false,do,
698919dc87297accb9794655,00510002_2024-09-27_1_4bc44bcdd0_processed_046.mp4,elenahc,0,yes,,conversing,playing,,3,reading time,3,2026-02-08T23:18:52.105Z,,false,do,
69891a0e87297accb97946f1,00510002_2024-10-07_2_0cc5319500_processed_065.mp4,elenahc,0,yes,,being moved around,cooking,,3,conversing,3,2026-02-08T23:19:42.414Z,,false,do,
69891a2e87297accb9794756,00510002_2024-11-12_1_2e81fea59c_processed_055.mp4,elenahc,0,yes,,none,,,3,reading time,3,2026-02-08T23:20:14.252Z,,false,do,
69891a4e87297accb97947bc,00510002_2024-11-18_2_8f0a83618d_processed_030.mp4,elenahc,0,no,,looking around,,,3,playing,3,2026-02-08T23:20:46.002Z,,false,do,
69891a9387297accb9794896,00560001_2023-05-01_1_24d3b95737_processed_066.mp4,elenahc,0,yes,,conversing,looking around,,3,meal time,3,2026-02-08T23:21:55.909Z,,false,do,
69891aac87297accb97948ee,00560001_2023-05-28_1_ed45a7d063_processed_001.mp4,elenahc,0,yes,,looking around,other,,3,conversing,3,2026-02-08T23:22:20.230Z,,false,do,
69891af787297accb97949d4,00560001_2023-08-26_3_76b5673034_processed_003.mp4,elenahc,0,yes,,cleaning,playing,,2,conversing,3,2026-02-08T23:23:35.996Z,,false,do,
69891b3d87297accb9794aa9,00590001_2024-09-20_1_cf3e9710d7_processed_015.mp4,elenahc,0,no,,other,,,2,looking around,2,2026-02-08T23:24:45.551Z,,false,do,
69891b5b87297accb9794b0d,00680001_2023-05-07_2_c4f79965be_processed_018.mp4,elenahc,0,no,,looking around,,,2,walking,3,2026-02-08T23:25:15.872Z,,false,do,
69891ba287297accb9794bef,00680001_2023-06-24_1_3f66230c74_processed_010.mp4,elenahc,0,yes,,none,,,2,looking around,2,2026-02-08T23:26:26.758Z,,false,do,
69891bde87297accb9794ca9,00720001_2023-06-28_5_86314804a3_processed_039.mp4,elenahc,0,no,,looking around,,,2,playing,3,2026-02-08T23:27:26.417Z,,false,do,
69891bf587297accb9794d03,00400001_2023-08-24_1_f44f05ca5f_processed_009.mp4,m1deng,0,yes,,none,,,3,meal time,3,2026-02-08T23:27:49.039Z,,false,do,
69891bf687297accb9794d0b,00720001_2023-07-08_1_093ff171d1_processed_011.mp4,elenahc,0,yes,,looking around,,,3,being moved around,3,2026-02-08T23:27:50.332Z,,false,do,
69891c1587297accb9794d70,00400001_2023-08-25_1_9ad5e22aaa_processed_037.mp4,m1deng,0,no,,none,,,3,screen time,3,2026-02-08T23:28:21.618Z,,false,do,
69891c2587297accb9794da2,00720001_2023-09-17_2_fc175a0fab_processed_071.mp4,elenahc,0,yes,,looking around,,,3,conversing,3,2026-02-08T23:28:37.929Z,,false,do,
69891c5087297accb9794e32,00400001_2023-09-22_1_9977c9d6dd_processed_008.mp4,m1deng,0,yes,,none,,,3,screen time,3,2026-02-08T23:29:20.758Z,,false,do,
69891c6187297accb9794e60,00400001_2023-09-23_1_3aa820473e_processed_057.mp4,m1deng,0,no,,none,,,3,screen time,3,2026-02-08T23:29:37.511Z,,false,do,
69891c6887297accb9794e83,00820001_2023-05-06_2_578b918303_processed_007.mp4,elenahc,0,yes,,looking around,walking,,3,playing,2,2026-02-08T23:29:44.301Z,,false,do,
69891c8687297accb9794ee5,00400001_2023-09-28_1_ffe2cfdbd3_processed_064.mp4,m1deng,0,yes,,none,,,3,being moved around,3,2026-02-08T23:30:14.112Z,,false,do,
69891ca987297accb9794f5c,00820001_2023-06-03_2_f9eddd9b68_processed_019.mp4,elenahc,0,no,,playing,,,3,looking around,2,2026-02-08T23:30:49.959Z,,false,do,
69891cb087297accb9794f71,00400001_2023-11-19_1_8c79b13b9b_processed_076.mp4,m1deng,0,no,,looking around,,,2,walking,2,2026-02-08T23:30:56.048Z,,false,do,
69891cc787297accb9794fc9,00400001_2024-05-03_1_d8ea0c2efd_processed_040.mp4,m1deng,0,no,,none,,,3,looking around,3,2026-02-08T23:31:19.072Z,,false,do,
69891d0487297accb9795084,00820001_2023-07-09_1_fd9fec6baf_processed_042.mp4,elenahc,0,yes,,other,,,2,looking around,2,2026-02-08T23:32:20.734Z,,false,do,
69891d3b87297accb979512c,00820001_2023-11-08_2_73e140acf5_processed_070.mp4,elenahc,0,yes,,looking around,,,2,playing,2,2026-02-08T23:33:15.954Z,,false,do,
69891d3f87297accb979514b,00400001_2024-06-30_3_a69c8e8ddb_processed_034.mp4,m1deng,0,no,,none,,,2,walking,3,2026-02-08T23:33:19.372Z,,false,do,
69891d5787297accb9795197,00400001_2024-08-27_1_9627aa4127_processed_016.mp4,m1deng,0,no,,none,,,3,screen time,3,2026-02-08T23:33:43.182Z,,false,do,
69891d7387297accb97951f6,00820001_2023-12-19_2_5ed57aefdf_processed_067.mp4,elenahc,0,yes,,conversing,looking around,,3,playing,3,2026-02-08T23:34:11.519Z,,false,do,
69891d8a87297accb9795241,00820001_2023-12-23_3_faac23ba97_processed_040.mp4,elenahc,0,yes,,looking around,,,3,playing,3,2026-02-08T23:34:34.759Z,,false,do,
69891da387297accb979529b,00820001_2024-04-09_2_cc52cacdcd_processed_078.mp4,elenahc,0,yes,,none,,,3,reading time,3,2026-02-08T23:34:59.407Z,,false,do,
69891da587297accb97952aa,00400001_2024-12-01_3_b4c2dc7192_processed_069.mp4,m1deng,0,no,,none,,,1,looking around,1,2026-02-08T23:35:01.474Z,,false,do,
69891dc687297accb9795310,00820001_2024-04-21_4_cfa002ffc4_processed_013.mp4,elenahc,0,no,,looking around,,,2,drawing,3,2026-02-08T23:35:34.314Z,,false,do,
69891dda87297accb9795357,00400002_2023-12-05_1_8d274e31e7_processed_045.mp4,m1deng,0,yes,,none,,,2,meal time,2,2026-02-08T23:35:54.757Z,,false,do,
69891def87297accb9795398,00820001_2024-05-03_3_9adf23fca6_processed_026.mp4,elenahc,0,no,,none,,,3,looking around,3,2026-02-08T23:36:15.254Z,,false,do,
698920b187297accb9795c30,00510001_2024-08-31_1_ee37f0f210_processed_047.mp4,babyview,0,yes,,looking around,,,3,meal time,3,2026-02-08T23:48:01.907Z,1,true,do,
698920ca87297accb9795c7d,00320001_2024-03-23_3_cdf4f61fb7_processed_044.mp4,babyview,0,no,,none,,,2,playing,3,2026-02-08T23:48:26.279Z,1,true,do,
698920d987297accb9795cbb,00320003_2024-11-17_3_57effbf613_processed_006.mp4,babyview,0,yes,,conversing,looking around,,3,playing,3,2026-02-08T23:48:41.657Z,1,true,do,
698920e987297accb9795ced,00240001_2024-12-06_2_170cb8aefb_processed_081.mp4,babyview,0,no,,none,,,2,looking around,2,2026-02-08T23:48:57.374Z,1,true,do,
698920f987297accb9795d2c,00320001_2024-09-15_1_abbaf85eb5_processed_028.mp4,babyview,0,no,,looking around,,,2,playing,3,2026-02-08T23:49:13.473Z,1,true,do,
698aabda87297accb97df800,00400002_2023-12-19_1_d768b47eaf_processed_012.mp4,m1deng,0,no,,none,,,3,playing,1,2026-02-10T03:54:02.255Z,,false,do,
698aac3c87297accb97df92e,00400002_2024-01-06_2_d6accc9902_processed_018.mp4,m1deng,0,no,,none,,,3,playing,3,2026-02-10T03:55:40.257Z,,false,do,
698aac8b87297accb97dfa19,00400002_2024-01-13_1_a58c2f7862_processed_019.mp4,m1deng,0,no,,none,,,3,looking around,2,2026-02-10T03:56:59.105Z,,false,do,
698aad3c87297accb97dfc28,00400002_2024-01-13_3_7ca2b2ad65_000.mp4,m1deng,0,yes,,none,playing,,2,being moved around,1,2026-02-10T03:59:56.664Z,,false,do,
698aad5e87297accb97dfc99,00400002_2024-02-11_3_cf658e4a38_processed_030.mp4,m1deng,0,no,,none,,,3,playing,3,2026-02-10T04:00:30.588Z,,false,do,
698aad7387297accb97dfcdc,00400002_2024-03-01_3_2034d527bc_processed_047.mp4,m1deng,0,no,,none,,,3,looking around,3,2026-02-10T04:00:51.292Z,,false,do,
698aade887297accb97dfe41,00400002_2024-06-23_3_1b2351cdfe_processed_059.mp4,m1deng,0,yes,,being moved around,looking around,,2,walking,2,2026-02-10T04:02:48.286Z,,false,do,
698aaec987297accb97e00d7,00400002_2024-10-06_2_ad93998b1d_processed_007.mp4,m1deng,0,no,,playing,,,2,crawling,3,2026-02-10T04:06:33.856Z,,false,do,
698aaeea87297accb97e013d,00400003_2023-12-17_3_890b6a5cad_processed_067.mp4,m1deng,0,yes,,none,,,3,meal time,3,2026-02-10T04:07:06.020Z,,false,do,
698ab29c87297accb97e0c52,00400003_2024-04-12_1_78fc11d62d_processed_057.mp4,m1deng,0,yes,,conversing,,,3,playing,3,2026-02-10T04:22:52.213Z,,false,do,
698ab2be87297accb97e0cc0,00400003_2024-05-30_3_ac6e331884_processed_004.mp4,m1deng,0,no,,none,,,3,screen time,3,2026-02-10T04:23:26.922Z,,false,do,
698ab2e787297accb97e0d45,00420001_2024-06-09_1_941b9b5f1b_processed_027.mp4,m1deng,0,yes,,none,,,3,being moved around,3,2026-02-10T04:24:07.880Z,,false,do,
698ab3c487297accb97e0ff4,00420001_2024-06-21_1_1fc3e7b968_processed_014.mp4,m1deng,0,no,,looking around,,,1,walking,1,2026-02-10T04:27:48.767Z,,false,do,
698ab48387297accb97e123b,00420001_2024-11-03_3_51011e4385_processed_036.mp4,m1deng,0,no,,none,,,3,walking,2,2026-02-10T04:30:59.562Z,,false,do,
698ab4a887297accb97e12ac,00430001_2023-09-07_2_31e67cae01_processed_018.mp4,m1deng,0,no,,none,,,3,looking around,1,2026-02-10T04:31:36.564Z,,false,do,
698ab53a87297accb97e1476,00430001_2023-10-06_1_9bf374e81c_processed_054.mp4,m1deng,0,no,,playing,,,1,looking around,2,2026-02-10T04:34:02.422Z,,false,do,
698b93ca87297accb980a7e3,00430001_2023-12-03_3_5f0f19af24_processed_050.mp4,m1deng,0,yes,,conversing,,,1,looking around,2,2026-02-10T20:23:38.500Z,,false,do,
698b93e787297accb980a844,00490001_2023-12-28_1_4d2984425d_processed_040.mp4,m1deng,0,no,,looking around,,,2,being moved around,3,2026-02-10T20:24:07.803Z,,false,do,
698b941487297accb980a8d5,00500001_2023-08-22_2_4da871d02e_processed_050.mp4,m1deng,0,no,,looking around,,,2,crawling,2,2026-02-10T20:24:52.761Z,,false,do,
698b94a487297accb980aa7f,00500001_2023-12-10_1_e07a848172_processed_059.mp4,m1deng,0,no,,meal time,walking,,2,screen time,2,2026-02-10T20:27:16.166Z,,false,do,
698b94cc87297accb980ab02,00500001_2024-08-17_1_5d8718d35d_processed_039.mp4,m1deng,0,no,,none,,,3,playing,3,2026-02-10T20:27:56.822Z,,false,do,
698b97c487297accb980b3b4,00510001_2024-04-13_2_c4a790bb60_processed_011.mp4,m1deng,0,no,,looking around,,,2,music time,3,2026-02-10T20:58:10.383Z,,false,do,
698b993b87297accb980b805,00510001_2024-05-31_1_60e96e0a79_processed_059.mp4,m1deng,0,yes,,conversing,,,1,meal time,1,2026-02-10T20:46:51.336Z,,false,do,
698b997087297accb980b8ad,00510001_2024-08-25_1_558f810d34_processed_006.mp4,m1deng,0,no,,none,,,3,looking around,3,2026-02-10T20:47:44.315Z,,false,do,
698b999c87297accb980b936,00510002_2024-09-27_1_4bc44bcdd0_processed_046.mp4,m1deng,0,yes,,none,,,2,reading time,3,2026-02-10T20:48:28.793Z,,false,do,
698b99b787297accb980b991,00510002_2024-10-07_2_0cc5319500_processed_065.mp4,m1deng,0,yes,,none,,,2,conversing,2,2026-02-10T20:48:55.905Z,,false,do,
698b9a0087297accb980ba6e,00510002_2024-11-12_1_2e81fea59c_processed_055.mp4,m1deng,0,yes,,none,,,1,reading time,3,2026-02-10T20:50:08.705Z,,false,do,
698b9a2887297accb980baea,00510002_2024-11-18_2_8f0a83618d_processed_030.mp4,m1deng,0,no,,none,,,2,playing,3,2026-02-10T20:50:48.149Z,,false,do,
698b9a6487297accb980bba6,00560001_2023-05-01_1_24d3b95737_processed_066.mp4,m1deng,0,yes,,none,,,3,meal time,2,2026-02-10T20:51:49.000Z,,false,do,
698b9a9187297accb980bc38,00560001_2023-05-28_1_ed45a7d063_processed_001.mp4,m1deng,0,yes,,being moved around,,,1,conversing,3,2026-02-10T20:52:33.009Z,,false,do,
698b9b5d87297accb980be93,00560001_2023-08-26_3_76b5673034_processed_003.mp4,m1deng,0,yes,,conversing,cleaning,,2,walking,2,2026-02-10T20:57:23.408Z,,false,do,
698b9c0b87297accb980c0d1,00590001_2024-09-20_1_cf3e9710d7_processed_015.mp4,m1deng,0,no,,none,,,3,crawling,1,2026-02-10T20:58:51.705Z,,false,do,
698b9c4087297accb980c174,00680001_2023-05-07_2_c4f79965be_processed_018.mp4,m1deng,0,no,,none,,,2,being moved around,3,2026-02-10T20:59:44.384Z,,false,do,
698b9c5787297accb980c1bd,00680001_2023-06-24_1_3f66230c74_processed_010.mp4,m1deng,0,no,,none,,,3,looking around,3,2026-02-10T21:00:07.373Z,,false,do,
698b9c6d87297accb980c207,00720001_2023-06-28_5_86314804a3_processed_039.mp4,m1deng,0,no,,none,,,3,playing,3,2026-02-10T21:00:29.133Z,,false,do,
698b9ce887297accb980c383,00720001_2023-07-08_1_093ff171d1_processed_011.mp4,m1deng,0,yes,,none,,,3,being moved around,3,2026-02-10T21:02:32.578Z,,false,do,
698b9d1e87297accb980c426,00720001_2023-09-17_2_fc175a0fab_processed_071.mp4,m1deng,0,yes,,none,,,3,walking,3,2026-02-10T21:03:26.114Z,,false,do,
698b9d6187297accb980c4f7,00820001_2023-05-06_2_578b918303_processed_007.mp4,m1deng,0,no,,none,,,3,playing,2,2026-02-10T21:04:33.768Z,,false,do,
698b9dc087297accb980c611,00820001_2023-06-03_2_f9eddd9b68_processed_019.mp4,m1deng,0,no,,none,,,2,playing,1,2026-02-10T21:06:08.160Z,,false,do,
698b9e7187297accb980c827,00820001_2023-07-09_1_fd9fec6baf_processed_042.mp4,m1deng,0,yes,,none,other,,3,other,3,2026-02-10T21:09:05.676Z,,false,do,
698b9f9187297accb980cbc7,00820001_2023-11-08_2_73e140acf5_processed_070.mp4,m1deng,0,yes,,none,,,3,playing,2,2026-02-10T21:13:53.410Z,,false,do,
698b9fc487297accb980cc70,00820001_2023-12-19_2_5ed57aefdf_processed_067.mp4,m1deng,0,yes,,none,,,3,playing,3,2026-02-10T21:14:44.384Z,,false,do,
698b9ff787297accb980cd19,00820001_2023-12-23_3_faac23ba97_processed_040.mp4,m1deng,0,no,,none,,,3,playing,3,2026-02-10T21:15:35.433Z,,false,do,
698ba01a87297accb980cd8e,00820001_2024-04-09_2_cc52cacdcd_processed_078.mp4,m1deng,0,yes,,none,,,3,reading time,3,2026-02-10T21:16:10.478Z,,false,do,
698ba03487297accb980cdeb,00820001_2024-04-21_4_cfa002ffc4_processed_013.mp4,m1deng,0,no,,none,,,3,drawing,3,2026-02-10T21:16:36.612Z,,false,do,
698ba04987297accb980ce37,00820001_2024-05-03_3_9adf23fca6_processed_026.mp4,m1deng,0,no,,none,,,3,looking around,3,2026-02-10T21:16:57.899Z,,false,do,
699c8fd287297accb9b2760f,00220001_2024-03-06_1_2a74025141_processed_008.mp4,tsepuri,0,no,,music time,,,2,gardening,3,2026-02-23T17:35:14.085Z,,false,see,
699ce0ca87297accb9b36421,00220001_2024-03-06_1_2a74025141_processed_008.mp4,m1deng,0,yes,,conversing,,,3,meal time,3,2026-02-26T05:05:30.149Z,,false,see,
699ce0ee87297accb9b36491,00230001_2024-04-14_1_da1653faac_processed_007.mp4,m1deng,0,no,,screen time,,,1,meal time,3,2026-02-26T05:05:31.071Z,,false,see,
699ce2c887297accb9b36a0f,00240001_2023-11-25_2_c9f28edff3_processed_068.mp4,m1deng,0,no,,none,,,3,other,3,2026-02-26T05:05:34.849Z,,false,see,none
699ce2f487297accb9b36a92,00240001_2023-11-26_1_bd6fb31b2c_processed_096.mp4,m1deng,0,yes,,conversing,,,2,meal time,3,2026-02-23T23:29:56.831Z,,false,see,
699ce30987297accb9b36ad8,00240001_2023-12-08_1_30326063f1_processed_067.mp4,m1deng,0,yes,,none,,,3,meal time,3,2026-02-23T23:30:17.965Z,,false,see,
699ce34787297accb9b36b92,00240001_2023-12-16_2_8e3bb038e0_processed_042.mp4,m1deng,0,yes,,none,,,3,meal time,3,2026-02-23T23:31:19.125Z,,false,see,
699ce3aa87297accb9b36cc0,00240001_2024-06-02_2_43f6a17f68_processed_045.mp4,m1deng,0,no,,conversing,,,1,drinking,3,2026-02-23T23:32:58.731Z,,false,see,
699ce3ce87297accb9b36d31,00240001_2024-09-08_4_f03def9007_processed_003.mp4,m1deng,0,no,,none,,,3,other,3,2026-02-23T23:33:34.544Z,,false,see,
699ce3ef87297accb9b36d9a,00240001_2024-10-06_3_6c66db99a8_processed_023.mp4,m1deng,0,no,,none,,,3,other,3,2026-02-23T23:34:07.714Z,,false,see,
699ce42287297accb9b36e38,00240001_2024-11-06_2_3a7315e875_processed_040.mp4,m1deng,0,no,,none,,,2,crawling,2,2026-02-23T23:34:58.362Z,,false,see,
699ce44287297accb9b36ea0,00320001_2023-12-06_2_b65b83c560_processed_079.mp4,m1deng,0,no,,none,,,3,other,3,2026-02-23T23:35:30.764Z,,false,see,
699ce46787297accb9b36f13,00320001_2024-02-17_3_195c6f8833_processed_038.mp4,m1deng,0,no,,none,,,3,walking,2,2026-02-23T23:36:07.467Z,,false,see,
699ce49b87297accb9b36fba,00320001_2024-02-23_2_b9b9b6bd6f_processed_070.mp4,m1deng,0,yes,,none,,,3,crawling,2,2026-02-23T23:36:59.163Z,,false,see,
699ce8da87297accb9b37c1d,00320001_2024-03-10_3_2825d75568_processed_032.mp4,m1deng,0,yes,,none,,,3,playing,2,2026-02-23T23:55:06.251Z,,false,see,
699ce8f587297accb9b37c78,00320001_2024-03-16_1_bd51e5a866_processed_000.mp4,m1deng,0,no,,none,,,3,playing,1,2026-02-23T23:55:33.721Z,,false,see,
699ce91487297accb9b37cdc,00320001_2024-05-11_2_78ccaae9f1_processed_039.mp4,m1deng,0,no,,none,,,3,screen time,3,2026-02-23T23:56:04.648Z,,false,see,
699ce93f87297accb9b37d62,00320001_2024-10-20_4_89de9fca76_processed_043.mp4,m1deng,0,yes,,none,,,2,conversing,2,2026-02-23T23:56:47.479Z,,false,see,
699ce95c87297accb9b37dc2,00320002_2024-04-10_1_9936c698cd_processed_084.mp4,m1deng,0,no,,none,,,3,walking,2,2026-02-23T23:57:16.311Z,,false,see,
699ce9cc87297accb9b37f0d,00320002_2024-05-28_3_c99c7a039e_processed_070.mp4,m1deng,0,no,,none,,,3,cooking,2,2026-02-23T23:59:08.098Z,,false,see,
699ce9f887297accb9b37f9b,00320002_2024-06-03_1_e20fa612a1_processed_043.mp4,m1deng,0,no,,walking,,,3,cleaning,2,2026-02-23T23:59:52.206Z,,false,see,
699cea5587297accb9b380ba,00320002_2024-09-05_2_946f306519_processed_023.mp4,m1deng,0,no,,none,,,3,other,3,2026-02-24T00:01:25.838Z,,false,see,
699cea6f87297accb9b38110,00320003_2024-03-03_1_d0c3250eb5_processed_101.mp4,m1deng,0,yes,,none,,,3,conversing,3,2026-02-24T00:01:51.307Z,,false,see,
699cea9387297accb9b38187,00320003_2024-03-08_1_7484c17533_processed_060.mp4,m1deng,0,no,,none,,,3,walking,2,2026-02-24T00:02:27.648Z,,false,see,
699d270787297accb9b432d7,00320003_2024-07-07_1_1a765e701a_processed_057.mp4,m1deng,0,no,,none,,,3,other,3,2026-02-24T04:20:23.502Z,,false,see,
699d271e87297accb9b43327,00360001_2024-09-25_1_0d3bbb62f6_processed_012.mp4,m1deng,0,no,,playing,,,2,conversing,2,2026-02-24T04:20:46.017Z,,false,see,
699d273287297accb9b4336d,00360001_2024-10-30_2_04f91de1ba_processed_005.mp4,m1deng,0,no,,none,,,3,other,3,2026-02-24T04:21:06.720Z,,false,see,
699d275687297accb9b433db,00370001_2024-02-10_4_d2cfc75810_processed_063.mp4,m1deng,0,no,,none,,,3,other,3,2026-02-24T04:21:42.097Z,,false,see,
699d277287297accb9b4343d,00370001_2024-04-18_2_c09ec714fb_processed_044.mp4,m1deng,0,no,,none,,,3,other,3,2026-02-24T04:22:10.901Z,,false,see,
699d278a87297accb9b43494,00370001_2024-04-25_2_ea8d9ab2d5_processed_052.mp4,m1deng,0,no,,none,,,3,playing,3,2026-02-24T04:22:34.821Z,,false,see,
699d28e087297accb9b43894,00370001_2024-05-05_3_97bfed6698_processed_022.mp4,m1deng,0,no,,walking,other,,1,getting dressed,2,2026-02-24T04:28:16.816Z,,false,see,
699d28fa87297accb9b438e5,00370001_2024-11-23_3_36b0eea465_processed_087.mp4,m1deng,0,yes,,playing,,,1,conversing,2,2026-02-24T04:28:42.473Z,,false,see,
699d31d787297accb9b452d1,00220001_2024-03-06_1_2a74025141_processed_008.mp4,elenahc,0,yes,,conversing,,,3,meal time,3,2026-02-24T05:06:31.600Z,,false,see,
699d31ee87297accb9b4531a,00230001_2024-04-14_1_da1653faac_processed_007.mp4,elenahc,0,no,,conversing,screen time,,2,meal time,3,2026-02-24T05:07:49.847Z,,false,see,
699d321887297accb9b453a2,00240001_2023-11-25_2_c9f28edff3_processed_068.mp4,elenahc,0,no,,none,,,1,looking around,1,2026-02-24T05:07:51.091Z,,false,see,
699d323887297accb9b4542f,00240001_2023-11-26_1_bd6fb31b2c_processed_096.mp4,elenahc,0,yes,,conversing,,,3,meal time,3,2026-02-24T05:08:08.233Z,,false,see,
699d326887297accb9b454ca,00240001_2023-12-08_1_30326063f1_processed_067.mp4,elenahc,0,yes,,none,,,2,meal time,3,2026-02-24T05:08:56.971Z,,false,see,
699d327a87297accb9b45502,00240001_2023-12-16_2_8e3bb038e0_processed_042.mp4,elenahc,0,yes,,none,,,3,meal time,3,2026-02-24T05:09:14.420Z,,false,see,
699d329387297accb9b45556,00240001_2024-06-02_2_43f6a17f68_processed_045.mp4,elenahc,0,no,,meal time,,,3,drinking,3,2026-02-24T05:09:39.107Z,,false,see,
699d32b187297accb9b455b9,00240001_2024-09-08_4_f03def9007_processed_003.mp4,elenahc,0,no,,playing,,,2,looking around,1,2026-02-24T05:10:09.049Z,,false,see,
699d32df87297accb9b45646,00240001_2024-10-06_3_6c66db99a8_processed_023.mp4,elenahc,0,no,,looking around,,,2,playing,3,2026-02-24T05:10:55.455Z,,false,see,
699d331587297accb9b456ef,00240001_2024-11-06_2_3a7315e875_processed_040.mp4,elenahc,0,yes,,crawling,,,2,playing,2,2026-02-24T05:11:49.502Z,,false,see,
699d333187297accb9b45750,00320001_2023-12-06_2_b65b83c560_processed_079.mp4,elenahc,0,no,,none,,,2,looking around,1,2026-02-24T05:12:17.835Z,,false,see,
699d335f87297accb9b457e0,00320001_2024-02-17_3_195c6f8833_processed_038.mp4,elenahc,0,no,,walking,,,2,meal time,3,2026-02-24T05:13:03.651Z,,false,see,
699d337687297accb9b45830,00320001_2024-02-23_2_b9b9b6bd6f_processed_070.mp4,elenahc,0,yes,,conversing,,,2,crawling,2,2026-02-24T05:13:26.564Z,,false,see,
699d339987297accb9b458a2,00320001_2024-03-10_3_2825d75568_processed_032.mp4,elenahc,0,yes,,none,,,2,playing,2,2026-02-24T05:14:01.124Z,,false,see,
699d33c687297accb9b4592f,00320001_2024-03-16_1_bd51e5a866_processed_000.mp4,elenahc,0,yes,,none,,,2,playing,3,2026-02-24T05:14:46.378Z,,false,see,
699d341087297accb9b45a16,00320001_2024-05-11_2_78ccaae9f1_processed_039.mp4,elenahc,0,no,,none,,,2,screen time,3,2026-02-24T05:16:00.622Z,,false,see,
699d342687297accb9b45a59,00320001_2024-10-20_4_89de9fca76_processed_043.mp4,elenahc,0,yes,,cleaning,,,3,conversing,2,2026-02-24T05:16:22.134Z,,false,see,
699d344b87297accb9b45ad2,00320002_2024-04-10_1_9936c698cd_processed_084.mp4,elenahc,0,yes,,cleaning,,,3,walking,2,2026-02-24T05:16:59.385Z,,false,see,
699d346487297accb9b45b1f,00320002_2024-05-28_3_c99c7a039e_processed_070.mp4,elenahc,0,no,,meal time,,,3,cooking,2,2026-02-24T05:17:24.615Z,,false,see,
699d347a87297accb9b45b72,00320002_2024-06-03_1_e20fa612a1_processed_043.mp4,elenahc,0,yes,,being moved around,,,2,cleaning,3,2026-02-24T05:17:46.730Z,,false,see,
699d348d87297accb9b45bb1,00320002_2024-09-05_2_946f306519_processed_023.mp4,elenahc,0,no,,meal time,,,3,screen time,2,2026-02-24T05:18:05.366Z,,false,see,
699d34bf87297accb9b45c4e,00320003_2024-03-03_1_d0c3250eb5_processed_101.mp4,elenahc,0,yes,,none,,,2,conversing,2,2026-02-24T05:18:55.921Z,,false,see,
699d3e9787297accb9b47907,00370002_2024-02-14_1_ca6b0b7335_processed_002.mp4,m1deng,0,no,,none,,,2,looking around,2,2026-02-24T06:00:55.158Z,,false,see,
699d3eb187297accb9b47964,00370002_2024-05-03_3_bb6f5ab781_processed_039.mp4,m1deng,0,no,,none,,,3,playing,3,2026-02-24T06:01:21.284Z,,false,see,
699d3efc87297accb9b47a49,00370002_2024-05-11_1_e08570833f_processed_062.mp4,m1deng,0,no,,none,,,3,other,2,2026-02-24T06:02:36.375Z,,false,see,
699d3f2f87297accb9b47ae6,00370002_2024-05-18_3_e23c0133c0_processed_023.mp4,m1deng,0,no,,none,,,3,other,2,2026-02-24T06:03:27.220Z,,false,see,
699d3f4a87297accb9b47b40,00370002_2024-05-26_1_dbdd71cf59_processed_022.mp4,m1deng,0,no,,none,,,3,crawling,2,2026-02-24T06:03:54.194Z,,false,see,
699d3f6c87297accb9b47baa,00370002_2024-09-29_1_2c3456c8fe_processed_047.mp4,m1deng,0,no,,none,,,3,cooking,2,2026-02-24T06:04:28.032Z,,false,see,
699d3f7b87297accb9b47be7,00390001_2024-08-23_1_d4be717890_processed_012.mp4,m1deng,0,yes,,none,,,3,reading time,3,2026-02-24T06:04:43.709Z,,false,see,
699d3f9587297accb9b47c3b,00400001_2023-06-15_1_2f49953f81_processed_004.mp4,m1deng,0,no,,none,,,3,other,3,2026-02-24T06:05:09.455Z,,false,see,
699d3fae87297accb9b47c8f,00400001_2023-06-21_2_78f629b94b_processed_076.mp4,m1deng,0,no,,none,,,3,other,3,2026-02-24T06:05:34.908Z,,false,see,
699d3fd387297accb9b47d07,00400001_2023-07-01_1_c4bc4716ef_processed_007.mp4,m1deng,0,no,,none,,,3,screen time,2,2026-02-24T06:06:11.043Z,,false,see,
699d3ff387297accb9b47d6f,00400001_2023-07-01_1_c4bc4716ef_processed_009.mp4,m1deng,0,no,,none,,,3,other,3,2026-02-24T06:06:43.270Z,,false,see,
699d401387297accb9b47dd4,00400001_2023-07-03_1_e505715506_processed_022.mp4,m1deng,0,no,,none,,,3,other,3,2026-02-24T06:07:15.185Z,,false,see,
699d403387297accb9b47e3f,00400001_2023-08-24_1_f44f05ca5f_processed_009.mp4,m1deng,0,yes,,none,,,3,meal time,2,2026-02-24T06:07:47.677Z,,false,see,
699d404987297accb9b47e8b,00400001_2023-08-25_1_9ad5e22aaa_processed_037.mp4,m1deng,0,no,,none,,,3,other,3,2026-02-24T06:08:09.405Z,,false,see,
699d40e487297accb9b48059,00400001_2023-09-22_1_9977c9d6dd_processed_008.mp4,m1deng,0,no,,none,,,3,other,3,2026-02-24T06:10:44.450Z,,false,see,
699d411f87297accb9b48109,00400001_2023-09-23_1_3aa820473e_processed_057.mp4,m1deng,0,no,,none,,,3,screen time,1,2026-02-24T06:11:43.256Z,,false,see,
699d414b87297accb9b48193,00400001_2023-09-28_1_ffe2cfdbd3_processed_064.mp4,m1deng,0,yes,,conversing,,,1,walking,3,2026-02-24T06:12:27.242Z,,false,see,
699d418187297accb9b48244,00400001_2023-11-19_1_8c79b13b9b_processed_076.mp4,m1deng,0,no,,walking,,,3,looking around,1,2026-02-24T06:13:21.944Z,,false,see,
699d41a787297accb9b482ba,00400001_2024-05-03_1_d8ea0c2efd_processed_040.mp4,m1deng,0,no,,none,,,3,other,3,2026-02-24T06:13:59.940Z,,false,see,
699d41ca87297accb9b4832a,00400001_2024-06-30_3_a69c8e8ddb_processed_034.mp4,m1deng,0,no,,none,,,3,other,3,2026-02-24T06:14:34.734Z,,false,see,
699d426d87297accb9b4851a,00400001_2024-08-27_1_9627aa4127_processed_016.mp4,m1deng,0,no,,none,,,3,other,3,2026-02-24T06:17:17.274Z,,false,see,
699d42c787297accb9b48637,00400001_2024-12-01_3_b4c2dc7192_processed_069.mp4,m1deng,0,no,,none,,,3,other,3,2026-02-24T06:18:47.082Z,,false,see,
699d442e87297accb9b48a7e,00400002_2023-12-05_1_8d274e31e7_processed_045.mp4,m1deng,0,yes,,conversing,,,1,walking,3,2026-02-24T06:24:46.114Z,,false,see,
699d444587297accb9b48ac6,00400002_2023-12-19_1_d768b47eaf_processed_012.mp4,m1deng,0,no,,none,,,3,other,3,2026-02-24T06:25:09.271Z,,false,see,
699d447587297accb9b48b66,00400002_2024-01-06_2_d6accc9902_processed_018.mp4,m1deng,0,no,,none,,,3,other,3,2026-02-24T06:25:57.223Z,,false,see,
699d449587297accb9b48bc7,00400002_2024-01-13_1_a58c2f7862_processed_019.mp4,m1deng,0,no,,none,,,3,other,2,2026-02-24T06:26:29.572Z,,false,see,
699d457887297accb9b48e82,00400002_2024-01-13_3_7ca2b2ad65_000.mp4,m1deng,0,yes,,conversing,,,2,getting dressed,2,2026-02-24T06:30:16.190Z,,false,see,
699d45cd87297accb9b48f94,00400002_2024-02-11_3_cf658e4a38_processed_030.mp4,m1deng,0,no,,none,,,3,other,3,2026-02-24T06:31:41.593Z,,false,see,
699d461a87297accb9b49082,00400002_2024-03-01_3_2034d527bc_processed_047.mp4,m1deng,0,no,,none,,,3,other,3,2026-02-24T06:32:58.432Z,,false,see,
699d465b87297accb9b49152,00400002_2024-06-23_3_1b2351cdfe_processed_059.mp4,m1deng,0,no,,walking,,,3,other,3,2026-02-24T06:34:03.859Z,,false,see,
699d46a387297accb9b49234,00400002_2024-10-06_2_ad93998b1d_processed_007.mp4,m1deng,0,no,,none,,,3,other,3,2026-02-24T06:35:15.207Z,,false,see,
699d46c787297accb9b492aa,00400003_2023-12-17_3_890b6a5cad_processed_067.mp4,m1deng,0,yes,,conversing,,,2,meal time,3,2026-02-24T06:35:51.223Z,,false,see,
699d46ed87297accb9b49325,00400003_2024-04-12_1_78fc11d62d_processed_057.mp4,m1deng,0,yes,,conversing,,,3,playing,3,2026-02-24T06:36:29.708Z,,false,see,
699d471a87297accb9b493b3,00400003_2024-05-30_3_ac6e331884_processed_004.mp4,m1deng,0,no,,none,,,2,screen time,3,2026-02-24T06:37:14.221Z,,false,see,
699d477d87297accb9b494ef,00420001_2024-06-09_1_941b9b5f1b_processed_027.mp4,m1deng,0,no,,none,,,3,cleaning,3,2026-02-24T06:39:51.811Z,,false,see,
699d47df87297accb9b4962a,00420001_2024-06-21_1_1fc3e7b968_processed_014.mp4,m1deng,0,yes,,none,,,3,other,2,2026-02-24T06:40:31.682Z,,false,see,
699d481087297accb9b496c3,00420001_2024-11-03_3_51011e4385_processed_036.mp4,m1deng,0,no,,none,,,3,other,3,2026-02-24T06:41:20.642Z,,false,see,
699d482587297accb9b4970e,00430001_2023-09-07_2_31e67cae01_processed_018.mp4,m1deng,0,no,,none,,,3,other,3,2026-02-24T06:41:41.783Z,,false,see,
699d487c87297accb9b4981f,00430001_2023-10-06_1_9bf374e81c_processed_054.mp4,m1deng,0,no,,none,,,3,cooking,2,2026-02-24T06:43:08.907Z,,false,see,
699d48ac87297accb9b498b8,00430001_2023-12-03_3_5f0f19af24_processed_050.mp4,m1deng,0,yes,,none,,,2,conversing,2,2026-02-24T06:43:56.398Z,,false,see,
699d48cb87297accb9b4991e,00490001_2023-12-28_1_4d2984425d_processed_040.mp4,m1deng,0,no,,none,,,3,other,3,2026-02-24T06:44:27.071Z,,false,see,
699d496687297accb9b49b01,00500001_2023-08-22_2_4da871d02e_processed_050.mp4,m1deng,0,no,,none,,,2,walking,2,2026-02-24T06:47:02.846Z,,false,see,
699d499287297accb9b49b90,00500001_2023-12-10_1_e07a848172_processed_059.mp4,m1deng,0,no,,playing,,,1,screen time,2,2026-02-24T06:47:46.227Z,,false,see,
699d49dc87297accb9b49c77,00500001_2024-08-17_1_5d8718d35d_processed_039.mp4,m1deng,0,no,,being moved around,,,3,playing,2,2026-02-24T06:49:00.432Z,,false,see,
699d49f387297accb9b49cce,00510001_2024-04-13_2_c4a790bb60_processed_011.mp4,m1deng,0,no,,none,,,3,music time,3,2026-02-24T06:49:23.388Z,,false,see,
699d4a4287297accb9b49dc6,00510001_2024-05-31_1_60e96e0a79_processed_059.mp4,m1deng,0,yes,,screen time,,,2,meal time,3,2026-02-24T06:50:42.688Z,,false,see,
699d4aba87297accb9b49f3a,00510001_2024-08-25_1_558f810d34_processed_006.mp4,m1deng,0,no,,walking,,,3,looking around,3,2026-02-24T06:52:42.265Z,,false,see,
699d4af787297accb9b49ffc,00510002_2024-09-27_1_4bc44bcdd0_processed_046.mp4,m1deng,0,yes,,none,,,3,reading time,3,2026-02-24T06:53:43.098Z,,false,see,
699d4b6687297accb9b4a156,00510002_2024-10-07_2_0cc5319500_processed_065.mp4,m1deng,0,yes,,conversing,,,3,looking around,1,2026-02-24T06:55:34.186Z,,false,see,
699d4bc987297accb9b4a28d,00510002_2024-11-12_1_2e81fea59c_processed_055.mp4,m1deng,0,no,,none,,,3,other,3,2026-02-24T06:57:13.277Z,,false,see,
699d4bfe87297accb9b4a33b,00510002_2024-11-18_2_8f0a83618d_processed_030.mp4,m1deng,0,no,,none,,,3,other,3,2026-02-24T06:58:06.230Z,,false,see,
699d4c2187297accb9b4a3b0,00560001_2023-05-01_1_24d3b95737_processed_066.mp4,m1deng,0,yes,,none,,,3,meal time,3,2026-02-24T06:58:41.355Z,,false,see,
699d4c4087297accb9b4a415,00560001_2023-05-28_1_ed45a7d063_processed_001.mp4,m1deng,0,yes,,none,,,3,conversing,3,2026-02-24T06:59:12.130Z,,false,see,
699d4cd787297accb9b4a5f5,00560001_2023-08-26_3_76b5673034_processed_003.mp4,m1deng,0,yes,,conversing,,,3,cleaning,1,2026-02-24T07:01:43.551Z,,false,see,
699d4d1287297accb9b4a6ad,00590001_2024-09-20_1_cf3e9710d7_processed_015.mp4,m1deng,0,no,,none,,,3,other,3,2026-02-24T07:02:42.529Z,,false,see,
699d4d6687297accb9b4a7b5,00680001_2023-05-07_2_c4f79965be_processed_018.mp4,m1deng,0,no,,none,,,3,gardening,1,2026-02-24T07:04:06.782Z,,false,see,
699d4d8387297accb9b4a815,00680001_2023-06-24_1_3f66230c74_processed_010.mp4,m1deng,0,no,,none,,,3,other,3,2026-02-24T07:04:35.457Z,,false,see,
699d4de487297accb9b4a945,00720001_2023-06-28_5_86314804a3_processed_039.mp4,m1deng,0,yes,,none,,,3,other,3,2026-02-24T07:06:12.278Z,,false,see,
699d4e5f87297accb9b4aac5,00720001_2023-07-08_1_093ff171d1_processed_011.mp4,m1deng,0,yes,,walking,,,3,screen time,3,2026-02-24T07:08:15.789Z,,false,see,
699d4ed987297accb9b4ac40,00720001_2023-09-17_2_fc175a0fab_processed_071.mp4,m1deng,0,yes,,conversing,,,1,screen time,2,2026-02-24T07:10:17.631Z,,false,see,
699d4f1487297accb9b4acfe,00820001_2023-05-06_2_578b918303_processed_007.mp4,m1deng,0,no,,none,,,3,other,3,2026-02-24T07:11:16.650Z,,false,see,
699d4f4b87297accb9b4ada9,00820001_2023-06-03_2_f9eddd9b68_processed_019.mp4,m1deng,0,no,,none,,,3,other,3,2026-02-24T07:12:11.388Z,,false,see,
699d4fa087297accb9b4aebc,00820001_2023-07-09_1_fd9fec6baf_processed_042.mp4,m1deng,0,yes,,none,,,3,looking around,2,2026-02-24T07:13:36.985Z,,false,see,
699d506f87297accb9b4b135,00820001_2023-11-08_2_73e140acf5_processed_070.mp4,m1deng,0,no,,none,,,3,other,1,2026-02-24T07:17:03.937Z,,false,see,
699d50a887297accb9b4b1ec,00820001_2023-12-19_2_5ed57aefdf_processed_067.mp4,m1deng,0,yes,,none,,,3,playing,3,2026-02-24T07:18:00.641Z,,false,see,
699d50de87297accb9b4b29d,00820001_2023-12-23_3_faac23ba97_processed_040.mp4,m1deng,0,no,,none,,,3,other,3,2026-02-24T07:18:54.393Z,,false,see,
699d510587297accb9b4b31b,00820001_2024-04-09_2_cc52cacdcd_processed_078.mp4,m1deng,0,yes,,none,,,3,reading time,3,2026-02-24T07:19:33.506Z,,false,see,
699d518387297accb9b4b4a0,00820001_2024-04-21_4_cfa002ffc4_processed_013.mp4,m1deng,0,no,,none,,,3,other,3,2026-02-24T07:21:39.400Z,,false,see,
699d51a287297accb9b4b508,00820001_2024-05-03_3_9adf23fca6_processed_026.mp4,m1deng,0,no,,none,,,3,other,3,2026-02-24T07:22:10.191Z,,false,see,
699e7eef87297accb9b836d0,00320003_2024-03-08_1_7484c17533_processed_060.mp4,elenahc,0,yes,,none,,,2,being moved around,3,2026-02-25T04:47:43.749Z,,false,see,
699e7f5b87297accb9b8381d,00320003_2024-07-07_1_1a765e701a_processed_057.mp4,elenahc,0,no,,none,,,2,playing,3,2026-02-25T04:49:31.904Z,,false,see,
699e7f7687297accb9b83878,00360001_2024-09-25_1_0d3bbb62f6_processed_012.mp4,elenahc,0,yes,,playing,walking,,3,conversing,3,2026-02-25T04:49:58.860Z,,false,see,
699e7f9987297accb9b838f1,00360001_2024-10-30_2_04f91de1ba_processed_005.mp4,elenahc,0,no,,reading time,,,2,playing,2,2026-02-25T04:50:33.849Z,,false,see,
699e7fe787297accb9b839e0,00370001_2024-02-10_4_d2cfc75810_processed_063.mp4,elenahc,0,no,,reading time,,,2,playing,2,2026-02-25T04:51:51.158Z,,false,see,
699e801387297accb9b83a75,00370001_2024-04-18_2_c09ec714fb_processed_044.mp4,elenahc,0,no,,none,,,2,playing,2,2026-02-25T04:52:35.440Z,,false,see,
699e804087297accb9b83b06,00370001_2024-04-25_2_ea8d9ab2d5_processed_052.mp4,elenahc,0,yes,,none,,,3,playing,3,2026-02-25T04:53:20.852Z,,false,see,
699e809987297accb9b83c1d,00370001_2024-05-05_3_97bfed6698_processed_022.mp4,elenahc,0,yes,,conversing,,,2,other,3,2026-02-25T04:54:49.613Z,,false,see,
699e80ab87297accb9b83c5f,00370001_2024-11-23_3_36b0eea465_processed_087.mp4,elenahc,0,yes,,playing,,,3,conversing,3,2026-02-25T04:55:07.048Z,,false,see,
699e80c987297accb9b83cca,00370002_2024-02-14_1_ca6b0b7335_processed_002.mp4,elenahc,0,yes,,being moved around,playing,,2,conversing,2,2026-02-25T04:55:37.839Z,,false,see,
699e80e787297accb9b83d27,00370002_2024-05-03_3_bb6f5ab781_processed_039.mp4,elenahc,0,yes,,conversing,,,2,playing,3,2026-02-25T04:56:07.215Z,,false,see,
699e812087297accb9b83de2,00370002_2024-05-11_1_e08570833f_processed_062.mp4,elenahc,0,yes,,conversing,,,2,other,3,2026-02-25T04:57:04.082Z,,false,see,
699e816f87297accb9b83ed7,00370002_2024-05-18_3_e23c0133c0_processed_023.mp4,elenahc,0,no,,walking,,,2,other,2,2026-02-25T04:58:23.517Z,,false,see,
699e81a087297accb9b83f74,00370002_2024-05-26_1_dbdd71cf59_processed_022.mp4,elenahc,0,no,,none,,,2,cleaning,2,2026-02-25T04:59:12.380Z,,false,see,
699e81c487297accb9b83fe8,00370002_2024-09-29_1_2c3456c8fe_processed_047.mp4,elenahc,0,yes,,conversing,,,3,cooking,3,2026-02-25T04:59:48.657Z,,false,see,
699e820887297accb9b840c1,00390001_2024-08-23_1_d4be717890_processed_012.mp4,elenahc,0,no,,playing,,,2,music time,3,2026-02-25T05:00:56.615Z,,false,see,
699e824487297accb9b84180,00400001_2023-06-15_1_2f49953f81_processed_004.mp4,elenahc,0,no,,none,,,2,other,1,2026-02-25T05:01:56.614Z,,false,see,
699e826187297accb9b841e3,00400001_2023-06-21_2_78f629b94b_processed_076.mp4,elenahc,0,no,,none,,,3,playing,1,2026-02-25T05:02:25.221Z,,false,see,
699e828d87297accb9b84275,00400001_2023-07-01_1_c4bc4716ef_processed_007.mp4,elenahc,0,yes,,none,,,2,screen time,2,2026-02-25T05:03:09.599Z,,false,see,
699e82d587297accb9b84358,00400001_2023-07-01_1_c4bc4716ef_processed_009.mp4,elenahc,0,no,,none,,,1,crawling,1,2026-02-25T05:04:21.739Z,,false,see,
699e82f287297accb9b843ba,00400001_2023-07-03_1_e505715506_processed_022.mp4,elenahc,0,no,,looking around,,,2,walking,2,2026-02-25T05:04:50.782Z,,false,see,
699e834887297accb9b844c9,00400001_2023-08-24_1_f44f05ca5f_processed_009.mp4,elenahc,0,yes,,conversing,,,3,meal time,3,2026-02-25T05:06:16.427Z,,false,see,
699e835f87297accb9b8451a,00400001_2023-08-25_1_9ad5e22aaa_processed_037.mp4,elenahc,0,no,,none,,,3,screen time,3,2026-02-25T05:06:39.491Z,,false,see,
699e837d87297accb9b8457f,00400001_2023-09-22_1_9977c9d6dd_processed_008.mp4,elenahc,0,yes,,none,,,2,screen time,3,2026-02-25T05:07:09.592Z,,false,see,
699e83bf87297accb9b84654,00400001_2023-09-23_1_3aa820473e_processed_057.mp4,elenahc,0,no,,meal time,,,1,screen time,3,2026-02-25T05:08:15.963Z,,false,see,
699e843487297accb9b847b8,00400001_2023-09-28_1_ffe2cfdbd3_processed_064.mp4,elenahc,0,yes,,none,,,2,being moved around,2,2026-02-25T05:10:12.011Z,,false,see,
699e848587297accb9b848bb,00400001_2023-11-19_1_8c79b13b9b_processed_076.mp4,elenahc,0,yes,,cleaning,,,2,walking,2,2026-02-25T05:11:33.097Z,,false,see,
699e84cc87297accb9b849a4,00400001_2024-05-03_1_d8ea0c2efd_processed_040.mp4,elenahc,0,no,,none,,,2,looking around,2,2026-02-25T05:12:44.913Z,,false,see,
69a1d8f387297accb9c23719,00220001_2024-03-06_1_2a74025141_processed_008.mp4,miran,0,yes,,,,,,other,,2026-02-27T17:48:35.110Z,,false,see,mealtime
69a1d9b987297accb9c239c5,00220001_2024-03-06_1_2a74025141_processed_008.mp4,bria,0,yes,,,,,,meal time,,2026-02-27T17:51:53.621Z,,false,see,
69a1d9ca87297accb9c23a05,00230001_2024-04-14_1_da1653faac_processed_007.mp4,bria,0,no,,,,,,meal time,,2026-02-27T17:52:10.169Z,,false,see,
69a1d9e987297accb9c23a78,00240001_2023-11-25_2_c9f28edff3_processed_068.mp4,bria,0,yes,,,,,,crawling,,2026-02-27T17:52:41.993Z,,false,see,
69a20b6c87297accb9c2ca91,00220001_2024-03-06_1_2a74025141_processed_008.mp4,virginia,0,yes,,,,,,meal time,,2026-02-27T21:23:56.806Z,,false,see,
69a20c5887297accb9c2cd54,00230001_2024-04-14_1_da1653faac_processed_007.mp4,virginia,0,no,,,,,,drinking,,2026-02-27T21:27:52.243Z,,false,see,
69a20c7787297accb9c2cdb1,00240001_2023-11-25_2_c9f28edff3_processed_068.mp4,virginia,0,no,,,,,,none,,2026-02-27T21:28:23.085Z,,false,see,
69a20c8587297accb9c2cde3,00240001_2023-11-26_1_bd6fb31b2c_processed_096.mp4,virginia,0,yes,,,,,,meal time,,2026-02-27T21:28:37.032Z,,false,see,
69a20c9287297accb9c2ce20,00240001_2023-12-08_1_30326063f1_processed_067.mp4,virginia,0,yes,,,,,,meal time,,2026-02-27T21:28:50.704Z,,false,see,
69a20c9f87297accb9c2ce4c,00240001_2023-12-16_2_8e3bb038e0_processed_042.mp4,virginia,0,yes,,,,,,meal time,,2026-02-27T21:29:03.448Z,,false,see,
69a20cb587297accb9c2ce92,00240001_2024-06-02_2_43f6a17f68_processed_045.mp4,virginia,0,no,,,,,,drinking,,2026-02-27T21:29:25.101Z,,false,see,
69a20cce87297accb9c2cee6,00240001_2024-09-08_4_f03def9007_processed_003.mp4,virginia,0,no,,,,,,reading time,,2026-02-27T21:29:50.564Z,,false,see,
69a20cde87297accb9c2cf17,00240001_2024-10-06_3_6c66db99a8_processed_023.mp4,virginia,0,no,,,,,,none,,2026-02-27T21:30:06.584Z,,false,see,
69a20d0787297accb9c2cfad,00220001_2024-03-06_1_2a74025141_processed_008.mp4,virginia,0,yes,,,,,,looking around,,2026-02-27T21:30:47.134Z,,false,do,
69a20d1687297accb9c2cfe5,00230001_2024-04-14_1_da1653faac_processed_007.mp4,virginia,0,no,,,,,,looking around,,2026-02-27T21:31:02.862Z,,false,do,
69a20d2587297accb9c2d010,00240001_2023-11-25_2_c9f28edff3_processed_068.mp4,virginia,0,no,,,,,,looking around,,2026-02-27T21:31:17.027Z,,false,do,
69a20d2f87297accb9c2d035,00240001_2023-11-26_1_bd6fb31b2c_processed_096.mp4,virginia,0,yes,,,,,,meal time,,2026-02-27T21:31:27.306Z,,false,do,
69a51a9287297accb9cbb418,00400001_2024-06-30_3_a69c8e8ddb_processed_034.mp4,elenahc,0,no,,,,,,walking,,2026-03-02T05:05:22.615Z,,false,see,
69a51a9d87297accb9cbb442,00400001_2024-08-27_1_9627aa4127_processed_016.mp4,elenahc,0,no,,,,,,screen time,,2026-03-02T05:05:33.048Z,,false,see,
69a51ab287297accb9cbb48a,00400001_2024-12-01_3_b4c2dc7192_processed_069.mp4,elenahc,0,no,,,,,,none,,2026-03-02T05:05:54.405Z,,false,see,
69a51acc87297accb9cbb4e1,00400002_2023-12-05_1_8d274e31e7_processed_045.mp4,elenahc,0,yes,,,,,,meal time,,2026-03-02T05:06:20.153Z,,false,see,
69a51ad687297accb9cbb509,00400002_2023-12-19_1_d768b47eaf_processed_012.mp4,elenahc,0,no,,,,,,screen time,,2026-03-02T05:06:30.798Z,,false,see,
69a51ae187297accb9cbb534,00400002_2024-01-06_2_d6accc9902_processed_018.mp4,elenahc,0,no,,,,,,playing,,2026-03-02T05:06:41.552Z,,false,see,
69a51b0287297accb9cbb59b,00400002_2024-01-13_1_a58c2f7862_processed_019.mp4,elenahc,0,yes,,,,,,other,,2026-03-02T05:07:14.367Z,,false,see,unloading car
69a51b3a87297accb9cbb64c,00400002_2024-01-13_3_7ca2b2ad65_000.mp4,elenahc,0,yes,,,,,,walking,,2026-03-02T05:08:10.379Z,,false,see,
69a51b4687297accb9cbb67f,00400002_2024-02-11_3_cf658e4a38_processed_030.mp4,elenahc,0,yes,,,,,,playing,,2026-03-02T05:08:22.892Z,,false,see,
69a51b5887297accb9cbb6bc,00400002_2024-03-01_3_2034d527bc_processed_047.mp4,elenahc,0,no,,,,,,none,,2026-03-02T05:08:40.502Z,,false,see,
69a51b6687297accb9cbb6f3,00400002_2024-06-23_3_1b2351cdfe_processed_059.mp4,elenahc,0,yes,,,,,,cooking,,2026-03-02T05:08:54.824Z,,false,see,
69a51b7287297accb9cbb723,00400002_2024-10-06_2_ad93998b1d_processed_007.mp4,elenahc,0,no,,,,,,playing,,2026-03-02T05:09:06.725Z,,false,see,
69a51b7e87297accb9cbb753,00400003_2023-12-17_3_890b6a5cad_processed_067.mp4,elenahc,0,yes,,,,,,conversing,,2026-03-02T05:09:18.891Z,,false,see,
69a51b8687297accb9cbb773,00400003_2024-04-12_1_78fc11d62d_processed_057.mp4,elenahc,0,yes,,,,,,playing,,2026-03-02T05:09:26.258Z,,false,see,
69a51b9087297accb9cbb79c,00400003_2024-05-30_3_ac6e331884_processed_004.mp4,elenahc,0,yes,,,,,,screen time,,2026-03-02T05:09:36.170Z,,false,see,
69a51b9a87297accb9cbb7c4,00420001_2024-06-09_1_941b9b5f1b_processed_027.mp4,elenahc,0,yes,,,,,,being moved around,,2026-03-02T05:09:46.254Z,,false,see,
69a51baf87297accb9cbb80f,00420001_2024-06-21_1_1fc3e7b968_processed_014.mp4,elenahc,0,yes,,,,,,other,,2026-03-02T05:10:07.013Z,,false,see,sitting
69a51bc187297accb9cbb84b,00420001_2024-11-03_3_51011e4385_processed_036.mp4,elenahc,0,no,,,,,,looking around,,2026-03-02T05:10:25.183Z,,false,see,
69a51bca87297accb9cbb86e,00430001_2023-09-07_2_31e67cae01_processed_018.mp4,elenahc,0,no,,,,,,none,,2026-03-02T05:10:34.556Z,,false,see,
69a51be687297accb9cbb8cd,00430001_2023-10-06_1_9bf374e81c_processed_054.mp4,elenahc,0,yes,,,,,,cooking,,2026-03-02T05:11:02.561Z,,false,see,
69a51bf287297accb9cbb8f9,00430001_2023-12-03_3_5f0f19af24_processed_050.mp4,elenahc,0,yes,,,,,,playing,,2026-03-02T05:11:14.190Z,,false,see,
69a51bfa87297accb9cbb91d,00490001_2023-12-28_1_4d2984425d_processed_040.mp4,elenahc,0,no,,,,,,being moved around,,2026-03-02T05:11:22.046Z,,false,see,
69a51c2887297accb9cbb9b2,00500001_2023-08-22_2_4da871d02e_processed_050.mp4,elenahc,0,yes,,,,,,looking around,,2026-03-02T05:12:08.648Z,,false,see,
69a51c3487297accb9cbb9de,00500001_2023-12-10_1_e07a848172_processed_059.mp4,elenahc,0,yes,,,,,,screen time,,2026-03-02T05:12:20.782Z,,false,see,
69a51c3d87297accb9cbba09,00500001_2024-08-17_1_5d8718d35d_processed_039.mp4,elenahc,0,yes,,,,,,playing,,2026-03-02T05:12:29.826Z,,false,see,
69a51c4a87297accb9cbba3c,00510001_2024-04-13_2_c4a790bb60_processed_011.mp4,elenahc,0,yes,,,,,,music time,,2026-03-02T05:12:42.720Z,,false,see,
69a51c5887297accb9cbba70,00510001_2024-05-31_1_60e96e0a79_processed_059.mp4,elenahc,0,yes,,,,,,meal time,,2026-03-02T05:12:56.888Z,,false,see,
69a51c7687297accb9cbbad3,00510001_2024-08-25_1_558f810d34_processed_006.mp4,elenahc,0,yes,,,,,,conversing,,2026-03-02T05:13:26.877Z,,false,see,
69a51c7e87297accb9cbbaf3,00510002_2024-09-27_1_4bc44bcdd0_processed_046.mp4,elenahc,0,yes,,,,,,reading time,,2026-03-02T05:13:34.101Z,,false,see,
69a51c8e87297accb9cbbb2d,00510002_2024-10-07_2_0cc5319500_processed_065.mp4,elenahc,0,yes,,,,,,conversing,,2026-03-02T05:13:50.102Z,,false,see,
69a51c9a87297accb9cbbb60,00510002_2024-11-12_1_2e81fea59c_processed_055.mp4,elenahc,0,yes,,,,,,reading time,,2026-03-02T05:14:02.428Z,,false,see,
69a51ca487297accb9cbbb89,00510002_2024-11-18_2_8f0a83618d_processed_030.mp4,elenahc,0,no,,,,,,playing,,2026-03-02T05:14:12.928Z,,false,see,
69a51cb887297accb9cbbbce,00560001_2023-05-01_1_24d3b95737_processed_066.mp4,elenahc,0,yes,,,,,,meal time,,2026-03-02T05:14:32.496Z,,false,see,
69a51cd787297accb9cbbc33,00560001_2023-05-28_1_ed45a7d063_processed_001.mp4,elenahc,0,yes,,,,,,conversing,,2026-03-02T05:15:03.960Z,,false,see,
69a51ce187297accb9cbbc5c,00560001_2023-08-26_3_76b5673034_processed_003.mp4,elenahc,0,yes,,,,,,cleaning,,2026-03-02T05:15:13.587Z,,false,see,
69a51cf387297accb9cbbc98,00590001_2024-09-20_1_cf3e9710d7_processed_015.mp4,elenahc,0,no,,,,,,crawling,,2026-03-02T05:15:31.180Z,,false,see,
69a51d0b87297accb9cbbcea,00680001_2023-05-07_2_c4f79965be_processed_018.mp4,elenahc,0,yes,,,,,,walking,,2026-03-02T05:15:55.664Z,,false,see,
69a51d1b87297accb9cbbd23,00680001_2023-06-24_1_3f66230c74_processed_010.mp4,elenahc,0,no,,,,,,looking around,,2026-03-02T05:16:11.629Z,,false,see,
69a51d2f87297accb9cbbd6a,00720001_2023-06-28_5_86314804a3_processed_039.mp4,elenahc,0,no,,,,,,playing,,2026-03-02T05:16:31.946Z,,false,see,
69a51d3b87297accb9cbbd9a,00720001_2023-07-08_1_093ff171d1_processed_011.mp4,elenahc,0,yes,,,,,,being moved around,,2026-03-02T05:16:43.708Z,,false,see,
69a51d4a87297accb9cbbdd2,00720001_2023-09-17_2_fc175a0fab_processed_071.mp4,elenahc,0,yes,,,,,,conversing,,2026-03-02T05:16:58.262Z,,false,see,
69a51d6d87297accb9cbbe43,00820001_2023-05-06_2_578b918303_processed_007.mp4,elenahc,0,yes,,,,,,playing,,2026-03-02T05:17:33.700Z,,false,see,
69a51d7b87297accb9cbbe79,00820001_2023-06-03_2_f9eddd9b68_processed_019.mp4,elenahc,0,no,,,,,,playing,,2026-03-02T05:17:47.632Z,,false,see,
69a51d9587297accb9cbbecf,00820001_2023-07-09_1_fd9fec6baf_processed_042.mp4,elenahc,0,yes,,,,,,other,,2026-03-02T05:18:13.712Z,,false,see,diaper change
69a51d9e87297accb9cbbef7,00820001_2023-11-08_2_73e140acf5_processed_070.mp4,elenahc,0,yes,,,,,,conversing,,2026-03-02T05:18:22.962Z,,false,see,
69a51dab87297accb9cbbf23,00820001_2023-12-19_2_5ed57aefdf_processed_067.mp4,elenahc,0,yes,,,,,,playing,,2026-03-02T05:18:35.052Z,,false,see,
69a51dc487297accb9cbbf7a,00820001_2023-12-23_3_faac23ba97_processed_040.mp4,elenahc,0,yes,,,,,,playing,,2026-03-02T05:19:00.216Z,,false,see,
69a51dce87297accb9cbbfa0,00820001_2024-04-09_2_cc52cacdcd_processed_078.mp4,elenahc,0,yes,,,,,,reading time,,2026-03-02T05:19:10.374Z,,false,see,
69a51dd987297accb9cbbfcb,00820001_2024-04-21_4_cfa002ffc4_processed_013.mp4,elenahc,0,no,,,,,,drawing,,2026-03-02T05:19:21.303Z,,false,see,
69a51dec87297accb9cbc010,00820001_2024-05-03_3_9adf23fca6_processed_026.mp4,elenahc,0,no,,,,,,other,,2026-03-02T05:19:40.460Z,,false,see,dogs walking
